,ID,pred,method,target,run
0,GSM207929,0.3090833333333333,ExtraTrees,Genotype: primary tumor,0
1,GSM207929,0.3123236124375051,MLNN,Genotype: primary tumor,0
2,GSM207929,0.5017569591172799,RVM,Genotype: primary tumor,0
3,GSM207929,0.6288031935691833,DNN,Genotype: primary tumor,0
4,GSM207929,0.0,CART,Genotype: primary tumor,0
5,GSM207929,0.0003443550171095496,GBM,Genotype: primary tumor,0
6,GSM207929,0.2592308802308803,RandomForest,Genotype: primary tumor,0
7,GSM207929,0.21284261822174644,SVM,Genotype: primary tumor,0
8,GSM207929,7.315495253224294e-07,AdaBoost,Genotype: primary tumor,0
9,GSM207929,0.008075311531705834,LR,Genotype: primary tumor,0
10,GSM207929,0.0,NaiveBayes,Genotype: primary tumor,0
21,GSM207930,0.000778485133386511,GBM,Genotype: primary tumor,0
20,GSM207930,7.608266855227293e-07,AdaBoost,Genotype: primary tumor,0
19,GSM207930,0.33071276080339074,SVM,Genotype: primary tumor,0
18,GSM207930,0.42427849927849925,RandomForest,Genotype: primary tumor,0
17,GSM207930,0.0,CART,Genotype: primary tumor,0
13,GSM207930,0.008810551164668914,LR,Genotype: primary tumor,0
15,GSM207930,0.6288031935691833,DNN,Genotype: primary tumor,0
14,GSM207930,0.500606981946173,RVM,Genotype: primary tumor,0
12,GSM207930,0.3125498827308038,MLNN,Genotype: primary tumor,0
11,GSM207930,0.3990952380952381,ExtraTrees,Genotype: primary tumor,0
16,GSM207930,0.0,NaiveBayes,Genotype: primary tumor,0
28,GSM207931,0.0,NaiveBayes,Genotype: primary tumor,0
32,GSM207931,0.006647346440066913,LR,Genotype: primary tumor,0
31,GSM207931,0.31347121484706875,MLNN,Genotype: primary tumor,0
30,GSM207931,0.39281746031746045,ExtraTrees,Genotype: primary tumor,0
27,GSM207931,0.0,CART,Genotype: primary tumor,0
29,GSM207931,7.315495253224294e-07,AdaBoost,Genotype: primary tumor,0
25,GSM207931,0.5004155890586856,RVM,Genotype: primary tumor,0
26,GSM207931,0.6288031935691833,DNN,Genotype: primary tumor,0
24,GSM207931,0.23561430227257887,SVM,Genotype: primary tumor,0
23,GSM207931,0.0003443593954594755,GBM,Genotype: primary tumor,0
22,GSM207931,0.34393722943722943,RandomForest,Genotype: primary tumor,0
42,GSM207932,0.0007890007549811012,LR,Genotype: primary tumor,0
41,GSM207932,0.04066269841269842,ExtraTrees,Genotype: primary tumor,0
40,GSM207932,0.0003313296887866848,GBM,Genotype: primary tumor,0
39,GSM207932,7.315495253224294e-07,AdaBoost,Genotype: primary tumor,0
38,GSM207932,0.0,NaiveBayes,Genotype: primary tumor,0
43,GSM207932,0.31035602574371285,MLNN,Genotype: primary tumor,0
36,GSM207932,0.0929047619047619,RandomForest,Genotype: primary tumor,0
35,GSM207932,0.49996932094874486,RVM,Genotype: primary tumor,0
34,GSM207932,0.0,CART,Genotype: primary tumor,0
33,GSM207932,0.6288031935691833,DNN,Genotype: primary tumor,0
37,GSM207932,0.002293093705168133,SVM,Genotype: primary tumor,0
54,GSM207933,0.0,NaiveBayes,Genotype: primary tumor,0
53,GSM207933,0.05692460317460319,ExtraTrees,Genotype: primary tumor,0
52,GSM207933,0.0020992347500437326,SVM,Genotype: primary tumor,0
51,GSM207933,0.0003443593672401327,GBM,Genotype: primary tumor,0
50,GSM207933,0.31059118485160675,MLNN,Genotype: primary tumor,0
49,GSM207933,0.08094444444444444,RandomForest,Genotype: primary tumor,0
47,GSM207933,0.0,CART,Genotype: primary tumor,0
46,GSM207933,0.6288031935691833,DNN,Genotype: primary tumor,0
45,GSM207933,7.315495253224294e-07,AdaBoost,Genotype: primary tumor,0
44,GSM207933,0.00017412195947587346,LR,Genotype: primary tumor,0
48,GSM207933,0.4992720919961472,RVM,Genotype: primary tumor,0
62,GSM207934,0.3106034074694198,MLNN,Genotype: primary tumor,0
65,GSM207934,0.0003441540322605038,GBM,Genotype: primary tumor,0
64,GSM207934,0.16489285714285715,RandomForest,Genotype: primary tumor,0
63,GSM207934,0.0031436075755955284,LR,Genotype: primary tumor,0
61,GSM207934,7.315495253224294e-07,AdaBoost,Genotype: primary tumor,0
57,GSM207934,0.4995743351743678,RVM,Genotype: primary tumor,0
59,GSM207934,0.0,CART,Genotype: primary tumor,0
58,GSM207934,0.022790331933284357,SVM,Genotype: primary tumor,0
60,GSM207934,0.11433730158730153,ExtraTrees,Genotype: primary tumor,0
56,GSM207934,0.6288031935691833,DNN,Genotype: primary tumor,0
55,GSM207934,0.0,NaiveBayes,Genotype: primary tumor,0
76,GSM207935,0.22751718354687905,SVM,Genotype: primary tumor,0
75,GSM207935,0.00038869779244419796,GBM,Genotype: primary tumor,0
74,GSM207935,0.009211253583846156,LR,Genotype: primary tumor,0
73,GSM207935,0.18144047619047618,RandomForest,Genotype: primary tumor,0
72,GSM207935,0.6288031935691833,DNN,Genotype: primary tumor,0
71,GSM207935,0.31316195555403414,MLNN,Genotype: primary tumor,0
70,GSM207935,7.315495253224294e-07,AdaBoost,Genotype: primary tumor,0
69,GSM207935,0.26290476190476186,ExtraTrees,Genotype: primary tumor,0
68,GSM207935,0.0,NaiveBayes,Genotype: primary tumor,0
67,GSM207935,0.49930649861245174,RVM,Genotype: primary tumor,0
66,GSM207935,0.0,CART,Genotype: primary tumor,0
86,GSM207936,0.0003410297068383487,GBM,Genotype: primary tumor,0
85,GSM207936,0.003325599208249751,LR,Genotype: primary tumor,0
84,GSM207936,0.10283802308802309,RandomForest,Genotype: primary tumor,0
83,GSM207936,7.315495253224294e-07,AdaBoost,Genotype: primary tumor,0
82,GSM207936,0.4992391428442507,RVM,Genotype: primary tumor,0
87,GSM207936,0.6288031935691833,DNN,Genotype: primary tumor,0
80,GSM207936,0.04106032013938714,SVM,Genotype: primary tumor,0
79,GSM207936,0.0,NaiveBayes,Genotype: primary tumor,0
78,GSM207936,0.0,CART,Genotype: primary tumor,0
77,GSM207936,0.3106103438991487,MLNN,Genotype: primary tumor,0
81,GSM207936,0.15757539682539679,ExtraTrees,Genotype: primary tumor,0
97,GSM207937,0.0,CART,Genotype: primary tumor,0
96,GSM207937,0.31070396060223265,MLNN,Genotype: primary tumor,0
95,GSM207937,0.00034435330053206965,GBM,Genotype: primary tumor,0
94,GSM207937,0.5003748371628595,RVM,Genotype: primary tumor,0
93,GSM207937,0.6288031935691833,DNN,Genotype: primary tumor,0
98,GSM207937,0.2335151515151515,RandomForest,Genotype: primary tumor,0
91,GSM207937,7.315495253224294e-07,AdaBoost,Genotype: primary tumor,0
90,GSM207937,0.09537204104374013,SVM,Genotype: primary tumor,0
89,GSM207937,0.21259126984126986,ExtraTrees,Genotype: primary tumor,0
88,GSM207937,0.0,NaiveBayes,Genotype: primary tumor,0
92,GSM207937,0.006131365009818085,LR,Genotype: primary tumor,0
109,GSM207938,0.3106016887379207,MLNN,Genotype: primary tumor,0
108,GSM207938,0.13187301587301584,RandomForest,Genotype: primary tumor,0
107,GSM207938,0.00034435431224860295,GBM,Genotype: primary tumor,0
106,GSM207938,0.0,CART,Genotype: primary tumor,0
105,GSM207938,0.6288031935691833,DNN,Genotype: primary tumor,0
104,GSM207938,0.49824381180350763,RVM,Genotype: primary tumor,0
102,GSM207938,0.0995,ExtraTrees,Genotype: primary tumor,0
101,GSM207938,0.0,NaiveBayes,Genotype: primary tumor,0
100,GSM207938,0.01774532551153615,SVM,Genotype: primary tumor,0
99,GSM207938,0.002613708783148434,LR,Genotype: primary tumor,0
103,GSM207938,7.315495253224294e-07,AdaBoost,Genotype: primary tumor,0
117,GSM207939,0.5023706551733516,RVM,Genotype: primary tumor,0
120,GSM207939,0.31060272495270097,MLNN,Genotype: primary tumor,0
119,GSM207939,0.00034434048454893125,GBM,Genotype: primary tumor,0
118,GSM207939,0.02560499831287687,SVM,Genotype: primary tumor,0
116,GSM207939,0.0,NaiveBayes,Genotype: primary tumor,0
112,GSM207939,0.002204379447840281,LR,Genotype: primary tumor,0
114,GSM207939,0.1277103174603174,RandomForest,Genotype: primary tumor,0
110,GSM207939,7.315495253224294e-07,AdaBoost,Genotype: primary tumor,0
111,GSM207939,0.6288031935691833,DNN,Genotype: primary tumor,0
115,GSM207939,0.0,CART,Genotype: primary tumor,0
113,GSM207939,0.10090079365079363,ExtraTrees,Genotype: primary tumor,0
131,GSM207940,0.04743450598732045,SVM,Genotype: primary tumor,0
130,GSM207940,0.0049568261871431075,LR,Genotype: primary tumor,0
129,GSM207940,0.6288031935691833,DNN,Genotype: primary tumor,0
127,GSM207940,0.18876190476190477,ExtraTrees,Genotype: primary tumor,0
126,GSM207940,7.315495253224294e-07,AdaBoost,Genotype: primary tumor,0
128,GSM207940,0.0,CART,Genotype: primary tumor,0
124,GSM207940,0.5002552051024128,RVM,Genotype: primary tumor,0
123,GSM207940,0.0,NaiveBayes,Genotype: primary tumor,0
122,GSM207940,0.00034437070206565386,GBM,Genotype: primary tumor,0
121,GSM207940,0.31064492802496363,MLNN,Genotype: primary tumor,0
125,GSM207940,0.16534920634920636,RandomForest,Genotype: primary tumor,0
138,GSM207941,0.00033388471609712534,GBM,Genotype: primary tumor,0
141,GSM207941,0.02530952380952381,ExtraTrees,Genotype: primary tumor,0
140,GSM207941,0.00040263060615911624,LR,Genotype: primary tumor,0
139,GSM207941,0.001528785192490231,SVM,Genotype: primary tumor,0
137,GSM207941,0.5016018309615978,RVM,Genotype: primary tumor,0
142,GSM207941,0.310199734754008,MLNN,Genotype: primary tumor,0
135,GSM207941,0.1218051948051948,RandomForest,Genotype: primary tumor,0
134,GSM207941,0.6288031935691833,DNN,Genotype: primary tumor,0
133,GSM207941,0.0,CART,Genotype: primary tumor,0
132,GSM207941,7.315495253224294e-07,AdaBoost,Genotype: primary tumor,0
136,GSM207941,0.0,NaiveBayes,Genotype: primary tumor,0
152,GSM207942,0.0,NaiveBayes,Genotype: primary tumor,0
151,GSM207942,0.3105932250221839,MLNN,Genotype: primary tumor,0
150,GSM207942,0.5007598038248637,RVM,Genotype: primary tumor,0
149,GSM207942,0.004492316353523774,SVM,Genotype: primary tumor,0
148,GSM207942,0.0,CART,Genotype: primary tumor,0
153,GSM207942,7.315495253224294e-07,AdaBoost,Genotype: primary tumor,0
146,GSM207942,0.0012928453714646719,LR,Genotype: primary tumor,0
147,GSM207942,0.08306349206349208,ExtraTrees,Genotype: primary tumor,0
143,GSM207942,0.0003443534986161025,GBM,Genotype: primary tumor,0
144,GSM207942,0.17394841269841269,RandomForest,Genotype: primary tumor,0
145,GSM207942,0.6288031935691833,DNN,Genotype: primary tumor,0
161,GSM207943,0.0031861568202669337,SVM,Genotype: primary tumor,0
164,GSM207943,0.49890273522594974,RVM,Genotype: primary tumor,0
163,GSM207943,0.0,NaiveBayes,Genotype: primary tumor,0
162,GSM207943,0.0003334620549023489,GBM,Genotype: primary tumor,0
160,GSM207943,0.6288031935691833,DNN,Genotype: primary tumor,0
159,GSM207943,0.0,CART,Genotype: primary tumor,0
157,GSM207943,0.03603571428571429,ExtraTrees,Genotype: primary tumor,0
156,GSM207943,0.07458730158730159,RandomForest,Genotype: primary tumor,0
155,GSM207943,7.315495253224294e-07,AdaBoost,Genotype: primary tumor,0
154,GSM207943,0.0005781786809668592,LR,Genotype: primary tumor,0
158,GSM207943,0.31045163911708057,MLNN,Genotype: primary tumor,0
175,GSM207944,0.0,NaiveBayes,Genotype: primary tumor,0
174,GSM207944,0.0,CART,Genotype: primary tumor,0
173,GSM207944,0.6288031935691833,DNN,Genotype: primary tumor,0
172,GSM207944,0.06273015873015873,RandomForest,Genotype: primary tumor,0
171,GSM207944,0.004200541737431866,SVM,Genotype: primary tumor,0
170,GSM207944,0.0003443632744855787,GBM,Genotype: primary tumor,0
168,GSM207944,7.315495253224294e-07,AdaBoost,Genotype: primary tumor,0
167,GSM207944,0.05516666666666668,ExtraTrees,Genotype: primary tumor,0
166,GSM207944,0.0010562985392406931,LR,Genotype: primary tumor,0
165,GSM207944,0.4991239001519956,RVM,Genotype: primary tumor,0
169,GSM207944,0.3105852981467266,MLNN,Genotype: primary tumor,0
186,GSM207945,0.4993197949790905,RVM,Genotype: primary tumor,0
185,GSM207945,0.6288031935691833,DNN,Genotype: primary tumor,0
184,GSM207945,0.001167019378793968,SVM,Genotype: primary tumor,0
183,GSM207945,0.00033290276757786687,GBM,Genotype: primary tumor,0
182,GSM207945,7.315495253224294e-07,AdaBoost,Genotype: primary tumor,0
181,GSM207945,0.3104661404992254,MLNN,Genotype: primary tumor,0
180,GSM207945,0.07979761904761905,RandomForest,Genotype: primary tumor,0
179,GSM207945,8.228655847058479e-05,LR,Genotype: primary tumor,0
178,GSM207945,0.0,CART,Genotype: primary tumor,0
177,GSM207945,0.057142857142857155,ExtraTrees,Genotype: primary tumor,0
176,GSM207945,0.0,NaiveBayes,Genotype: primary tumor,0
196,GSM207946,0.03970566512026681,SVM,Genotype: primary tumor,0
195,GSM207946,0.0,CART,Genotype: primary tumor,0
194,GSM207946,0.6288031935691833,DNN,Genotype: primary tumor,0
193,GSM207946,0.1372099567099567,RandomForest,Genotype: primary tumor,0
192,GSM207946,0.10941666666666665,ExtraTrees,Genotype: primary tumor,0
197,GSM207946,0.31065443599174275,MLNN,Genotype: primary tumor,0
190,GSM207946,0.006264266014449925,LR,Genotype: primary tumor,0
189,GSM207946,7.315495253224294e-07,AdaBoost,Genotype: primary tumor,0
188,GSM207946,0.5005006202714178,RVM,Genotype: primary tumor,0
187,GSM207946,0.000344369750040926,GBM,Genotype: primary tumor,0
191,GSM207946,0.0,NaiveBayes,Genotype: primary tumor,0
207,GSM207947,0.000782147781419987,GBM,Genotype: primary tumor,0
206,GSM207947,0.6288031935691833,DNN,Genotype: primary tumor,0
205,GSM207947,0.3875714285714286,RandomForest,Genotype: primary tumor,0
204,GSM207947,0.31059384503672466,MLNN,Genotype: primary tumor,0
203,GSM207947,0.025862509697403967,SVM,Genotype: primary tumor,0
208,GSM207947,0.0,NaiveBayes,Genotype: primary tumor,0
201,GSM207947,0.6666666666666666,CART,Genotype: primary tumor,0
200,GSM207947,7.315495253224294e-07,AdaBoost,Genotype: primary tumor,0
199,GSM207947,0.003435248560656346,LR,Genotype: primary tumor,0
198,GSM207947,0.29540079365079364,ExtraTrees,Genotype: primary tumor,0
202,GSM207947,0.5000199998603759,RVM,Genotype: primary tumor,0
219,GSM207948,0.17688095238095244,RandomForest,Genotype: primary tumor,0
218,GSM207948,0.0003324606014381531,GBM,Genotype: primary tumor,0
217,GSM207948,7.315495253224294e-07,AdaBoost,Genotype: primary tumor,0
216,GSM207948,0.3106520510117299,MLNN,Genotype: primary tumor,0
215,GSM207948,0.49933582654372005,RVM,Genotype: primary tumor,0
214,GSM207948,0.0,CART,Genotype: primary tumor,0
212,GSM207948,0.006545527347782728,LR,Genotype: primary tumor,0
211,GSM207948,0.18973015873015864,ExtraTrees,Genotype: primary tumor,0
210,GSM207948,0.0,NaiveBayes,Genotype: primary tumor,0
209,GSM207948,0.042061340040309085,SVM,Genotype: primary tumor,0
213,GSM207948,0.6288031935691833,DNN,Genotype: primary tumor,0
226,GSM207949,0.0003443587277625936,GBM,Genotype: primary tumor,0
230,GSM207949,0.07455952380952383,ExtraTrees,Genotype: primary tumor,0
229,GSM207949,0.13188095238095232,RandomForest,Genotype: primary tumor,0
228,GSM207949,0.01291041183896654,SVM,Genotype: primary tumor,0
225,GSM207949,0.0018511801504074164,LR,Genotype: primary tumor,0
227,GSM207949,0.49917913032063876,RVM,Genotype: primary tumor,0
223,GSM207949,0.6288031935691833,DNN,Genotype: primary tumor,0
224,GSM207949,0.0,NaiveBayes,Genotype: primary tumor,0
222,GSM207949,7.315495253224294e-07,AdaBoost,Genotype: primary tumor,0
221,GSM207949,0.31059554128179856,MLNN,Genotype: primary tumor,0
220,GSM207949,0.0,CART,Genotype: primary tumor,0
241,GSM207950,0.06209920634920636,ExtraTrees,Genotype: primary tumor,0
240,GSM207950,0.6288031935691833,DNN,Genotype: primary tumor,0
239,GSM207950,0.1165873015873016,RandomForest,Genotype: primary tumor,0
238,GSM207950,0.4992197960728076,RVM,Genotype: primary tumor,0
237,GSM207950,0.0,CART,Genotype: primary tumor,0
236,GSM207950,0.310592089648277,MLNN,Genotype: primary tumor,0
235,GSM207950,0.0003318884016495954,GBM,Genotype: primary tumor,0
234,GSM207950,0.0015524990658213438,LR,Genotype: primary tumor,0
233,GSM207950,0.0,NaiveBayes,Genotype: primary tumor,0
232,GSM207950,0.005703052884855824,SVM,Genotype: primary tumor,0
231,GSM207950,7.315495253224294e-07,AdaBoost,Genotype: primary tumor,0
251,GSM207951,0.0030497226239083117,LR,Genotype: primary tumor,0
250,GSM207951,0.06941269841269841,ExtraTrees,Genotype: primary tumor,0
249,GSM207951,0.00034436083759826645,GBM,Genotype: primary tumor,0
248,GSM207951,0.6288031935691833,DNN,Genotype: primary tumor,0
247,GSM207951,0.0,CART,Genotype: primary tumor,0
252,GSM207951,0.31060033079886773,MLNN,Genotype: primary tumor,0
245,GSM207951,0.0,NaiveBayes,Genotype: primary tumor,0
244,GSM207951,0.1217222222222222,RandomForest,Genotype: primary tumor,0
243,GSM207951,0.5004252096439885,RVM,Genotype: primary tumor,0
242,GSM207951,7.315495253224294e-07,AdaBoost,Genotype: primary tumor,0
246,GSM207951,0.020132317107170332,SVM,Genotype: primary tumor,0
262,GSM207952,0.02595921672371482,SVM,Genotype: primary tumor,0
261,GSM207952,0.0,CART,Genotype: primary tumor,0
260,GSM207952,0.24113888888888887,ExtraTrees,Genotype: primary tumor,0
259,GSM207952,0.0003443515681719602,GBM,Genotype: primary tumor,0
258,GSM207952,0.0,NaiveBayes,Genotype: primary tumor,0
263,GSM207952,0.0036694178429555087,LR,Genotype: primary tumor,0
256,GSM207952,7.315495253224294e-07,AdaBoost,Genotype: primary tumor,0
255,GSM207952,0.29716269841269843,RandomForest,Genotype: primary tumor,0
254,GSM207952,0.5005331907732629,RVM,Genotype: primary tumor,0
253,GSM207952,0.6288031935691833,DNN,Genotype: primary tumor,0
257,GSM207952,0.3106006932572107,MLNN,Genotype: primary tumor,0
274,GSM207953,7.315495253224294e-07,AdaBoost,Genotype: primary tumor,0
273,GSM207953,0.08871428571428572,ExtraTrees,Genotype: primary tumor,0
272,GSM207953,0.0,CART,Genotype: primary tumor,0
271,GSM207953,0.5015531412249541,RVM,Genotype: primary tumor,0
270,GSM207953,0.0017339963599047226,LR,Genotype: primary tumor,0
269,GSM207953,0.0,NaiveBayes,Genotype: primary tumor,0
267,GSM207953,0.012024113912878808,SVM,Genotype: primary tumor,0
266,GSM207953,0.08478968253968254,RandomForest,Genotype: primary tumor,0
265,GSM207953,0.6288031935691833,DNN,Genotype: primary tumor,0
264,GSM207953,0.0003974325277673261,GBM,Genotype: primary tumor,0
268,GSM207953,0.3105935684301527,MLNN,Genotype: primary tumor,0
282,GSM207954,0.4977460230801106,RVM,Genotype: primary tumor,0
285,GSM207954,0.3108084162616204,MLNN,Genotype: primary tumor,0
284,GSM207954,0.007351829564509382,LR,Genotype: primary tumor,0
283,GSM207954,0.000387298789581312,GBM,Genotype: primary tumor,0
281,GSM207954,7.315495253224294e-07,AdaBoost,Genotype: primary tumor,0
280,GSM207954,0.6288031935691833,DNN,Genotype: primary tumor,0
279,GSM207954,0.049711710526689615,SVM,Genotype: primary tumor,0
278,GSM207954,0.0,CART,Genotype: primary tumor,0
277,GSM207954,0.15609126984126984,RandomForest,Genotype: primary tumor,0
276,GSM207954,0.13999999999999996,ExtraTrees,Genotype: primary tumor,0
275,GSM207954,0.0,NaiveBayes,Genotype: primary tumor,0
296,GSM207955,0.005167662172264238,LR,Genotype: primary tumor,0
295,GSM207955,0.0,CART,Genotype: primary tumor,0
294,GSM207955,0.000328770943382591,GBM,Genotype: primary tumor,0
293,GSM207955,0.1327301587301587,RandomForest,Genotype: primary tumor,0
292,GSM207955,0.08893253968253967,ExtraTrees,Genotype: primary tumor,0
291,GSM207955,0.0,NaiveBayes,Genotype: primary tumor,0
290,GSM207955,0.501622024356755,RVM,Genotype: primary tumor,0
289,GSM207955,0.6288031935691833,DNN,Genotype: primary tumor,0
288,GSM207955,7.315495253224294e-07,AdaBoost,Genotype: primary tumor,0
287,GSM207955,0.04327642379770564,SVM,Genotype: primary tumor,0
286,GSM207955,0.3106883051125722,MLNN,Genotype: primary tumor,0
306,GSM207956,0.19716738816738819,RandomForest,Genotype: primary tumor,0
305,GSM207956,0.1878095238095238,ExtraTrees,Genotype: primary tumor,0
304,GSM207956,0.006180678387242026,LR,Genotype: primary tumor,0
303,GSM207956,0.0004055857432073789,GBM,Genotype: primary tumor,0
302,GSM207956,0.05995914139665457,SVM,Genotype: primary tumor,0
307,GSM207956,0.6288031935691833,DNN,Genotype: primary tumor,0
300,GSM207956,0.0,CART,Genotype: primary tumor,0
299,GSM207956,7.315495253224294e-07,AdaBoost,Genotype: primary tumor,0
298,GSM207956,0.3108946437926705,MLNN,Genotype: primary tumor,0
297,GSM207956,0.49970632150706745,RVM,Genotype: primary tumor,0
301,GSM207956,0.0,NaiveBayes,Genotype: primary tumor,0
317,GSM207957,0.0,CART,Genotype: primary tumor,0
316,GSM207957,0.024264874102537137,SVM,Genotype: primary tumor,0
315,GSM207957,0.002601969171767336,LR,Genotype: primary tumor,0
314,GSM207957,0.3105967492663097,MLNN,Genotype: primary tumor,0
313,GSM207957,0.1054325396825397,ExtraTrees,Genotype: primary tumor,0
318,GSM207957,0.49901645128464994,RVM,Genotype: primary tumor,0
311,GSM207957,0.07305952380952381,RandomForest,Genotype: primary tumor,0
310,GSM207957,7.315495253224294e-07,AdaBoost,Genotype: primary tumor,0
309,GSM207957,0.00034436074017104337,GBM,Genotype: primary tumor,0
308,GSM207957,0.0,NaiveBayes,Genotype: primary tumor,0
312,GSM207957,0.6288031935691833,DNN,Genotype: primary tumor,0
329,GSM207958,0.6288031935691833,DNN,Genotype: primary tumor,0
328,GSM207958,0.0011235949762014353,LR,Genotype: primary tumor,0
327,GSM207958,0.0,CART,Genotype: primary tumor,0
326,GSM207958,0.3105914829519046,MLNN,Genotype: primary tumor,0
325,GSM207958,0.0003443610224476983,GBM,Genotype: primary tumor,0
324,GSM207958,0.5006462417088012,RVM,Genotype: primary tumor,0
322,GSM207958,0.0,NaiveBayes,Genotype: primary tumor,0
321,GSM207958,0.005165369273082447,SVM,Genotype: primary tumor,0
320,GSM207958,7.315495253224294e-07,AdaBoost,Genotype: primary tumor,0
319,GSM207958,0.1326713564213564,RandomForest,Genotype: primary tumor,0
323,GSM207958,0.11557142857142853,ExtraTrees,Genotype: primary tumor,0
336,GSM207959,0.00040562482609978503,GBM,Genotype: primary tumor,0
339,GSM207959,0.6288031935691833,DNN,Genotype: primary tumor,0
338,GSM207959,0.12070526704895808,SVM,Genotype: primary tumor,0
337,GSM207959,7.315495253224294e-07,AdaBoost,Genotype: primary tumor,0
335,GSM207959,0.16224999999999998,RandomForest,Genotype: primary tumor,0
340,GSM207959,0.0,CART,Genotype: primary tumor,0
333,GSM207959,0.007046456987751824,LR,Genotype: primary tumor,0
332,GSM207959,0.31077298144045223,MLNN,Genotype: primary tumor,0
331,GSM207959,0.0,NaiveBayes,Genotype: primary tumor,0
330,GSM207959,0.5024872170756359,RVM,Genotype: primary tumor,0
334,GSM207959,0.15432539682539684,ExtraTrees,Genotype: primary tumor,0
351,GSM207960,0.9126122676146586,MLNN,Genotype: melanoma metastasis,0
350,GSM207960,0.998931779266073,RVM,Genotype: melanoma metastasis,0
349,GSM207960,1.0,NaiveBayes,Genotype: melanoma metastasis,0
348,GSM207960,0.9997113658130147,GBM,Genotype: melanoma metastasis,0
347,GSM207960,0.7588611111111109,RandomForest,Genotype: melanoma metastasis,0
346,GSM207960,1.0,CART,Genotype: melanoma metastasis,0
345,GSM207960,0.7937709977259015,SVM,Genotype: melanoma metastasis,0
344,GSM207960,0.9999993468968282,AdaBoost,Genotype: melanoma metastasis,0
343,GSM207960,0.991121280074675,LR,Genotype: melanoma metastasis,0
342,GSM207960,0.6288031935691833,DNN,Genotype: melanoma metastasis,0
341,GSM207960,0.8099801587301585,ExtraTrees,Genotype: melanoma metastasis,0
361,GSM207961,0.9129394150850668,MLNN,Genotype: melanoma metastasis,0
360,GSM207961,1.0,CART,Genotype: melanoma metastasis,0
359,GSM207961,0.9999998273552667,AdaBoost,Genotype: melanoma metastasis,0
358,GSM207961,0.9484444444444443,RandomForest,Genotype: melanoma metastasis,0
357,GSM207961,0.9294087301587299,ExtraTrees,Genotype: melanoma metastasis,0
362,GSM207961,0.9995005512613908,LR,Genotype: melanoma metastasis,0
355,GSM207961,0.9987080735070692,RVM,Genotype: melanoma metastasis,0
354,GSM207961,1.0,NaiveBayes,Genotype: melanoma metastasis,0
353,GSM207961,0.6288031935691833,DNN,Genotype: melanoma metastasis,0
352,GSM207961,0.9997994540238581,GBM,Genotype: melanoma metastasis,0
356,GSM207961,0.9864235025775521,SVM,Genotype: melanoma metastasis,0
372,GSM207962,0.999999972540322,AdaBoost,Genotype: melanoma metastasis,0
371,GSM207962,1.0,CART,Genotype: melanoma metastasis,0
370,GSM207962,1.0,NaiveBayes,Genotype: melanoma metastasis,0
369,GSM207962,0.9437893217893217,RandomForest,Genotype: melanoma metastasis,0
368,GSM207962,0.9129264429206413,MLNN,Genotype: melanoma metastasis,0
373,GSM207962,0.9998045903086125,GBM,Genotype: melanoma metastasis,0
366,GSM207962,0.6288031935691833,DNN,Genotype: melanoma metastasis,0
365,GSM207962,0.9701760313189038,SVM,Genotype: melanoma metastasis,0
364,GSM207962,1.000843633077646,RVM,Genotype: melanoma metastasis,0
363,GSM207962,0.9997827195380263,LR,Genotype: melanoma metastasis,0
367,GSM207962,0.9553333333333334,ExtraTrees,Genotype: melanoma metastasis,0
384,GSM207963,1.0006728837875662,RVM,Genotype: melanoma metastasis,0
383,GSM207963,0.9129265773785059,MLNN,Genotype: melanoma metastasis,0
382,GSM207963,0.9989893718374013,LR,Genotype: melanoma metastasis,0
381,GSM207963,0.9153607503607502,RandomForest,Genotype: melanoma metastasis,0
380,GSM207963,0.6288031935691833,DNN,Genotype: melanoma metastasis,0
379,GSM207963,0.9999999720796227,AdaBoost,Genotype: melanoma metastasis,0
377,GSM207963,1.0,NaiveBayes,Genotype: melanoma metastasis,0
376,GSM207963,0.999803633127721,GBM,Genotype: melanoma metastasis,0
375,GSM207963,1.0,CART,Genotype: melanoma metastasis,0
374,GSM207963,0.9456957394715335,SVM,Genotype: melanoma metastasis,0
378,GSM207963,0.9321587301587302,ExtraTrees,Genotype: melanoma metastasis,0
391,GSM207964,0.9534640649080558,SVM,Genotype: melanoma metastasis,0
394,GSM207964,0.9999999267850928,AdaBoost,Genotype: melanoma metastasis,0
393,GSM207964,0.9565357142857143,RandomForest,Genotype: melanoma metastasis,0
392,GSM207964,0.9690634920634921,ExtraTrees,Genotype: melanoma metastasis,0
390,GSM207964,0.9129184960323439,MLNN,Genotype: melanoma metastasis,0
395,GSM207964,1.0011099924620817,RVM,Genotype: melanoma metastasis,0
388,GSM207964,0.9998026089912152,GBM,Genotype: melanoma metastasis,0
385,GSM207964,1.0,CART,Genotype: melanoma metastasis,0
389,GSM207964,0.9980671928671078,LR,Genotype: melanoma metastasis,0
387,GSM207964,0.6288031935691833,DNN,Genotype: melanoma metastasis,0
386,GSM207964,1.0,NaiveBayes,Genotype: melanoma metastasis,0
405,GSM207965,0.9999999750228639,AdaBoost,Genotype: melanoma metastasis,0
404,GSM207965,0.9991892429865538,RVM,Genotype: melanoma metastasis,0
403,GSM207965,0.9701863147892195,SVM,Genotype: melanoma metastasis,0
402,GSM207965,1.0,CART,Genotype: melanoma metastasis,0
401,GSM207965,0.9998047769805742,GBM,Genotype: melanoma metastasis,0
406,GSM207965,1.0,NaiveBayes,Genotype: melanoma metastasis,0
399,GSM207965,0.9988325507692294,LR,Genotype: melanoma metastasis,0
398,GSM207965,0.9745952380952381,RandomForest,Genotype: melanoma metastasis,0
397,GSM207965,0.9731388888888888,ExtraTrees,Genotype: melanoma metastasis,0
396,GSM207965,0.6288031935691833,DNN,Genotype: melanoma metastasis,0
400,GSM207965,0.9129248407994185,MLNN,Genotype: melanoma metastasis,0
417,GSM207966,0.9309797979797978,RandomForest,Genotype: melanoma metastasis,0
416,GSM207966,1.0,NaiveBayes,Genotype: melanoma metastasis,0
415,GSM207966,0.6666666666666666,CART,Genotype: melanoma metastasis,0
414,GSM207966,0.6288031935691833,DNN,Genotype: melanoma metastasis,0
413,GSM207966,0.9998327967739614,LR,Genotype: melanoma metastasis,0
412,GSM207966,1.0007640580208732,RVM,Genotype: melanoma metastasis,0
410,GSM207966,0.9780269357445169,SVM,Genotype: melanoma metastasis,0
409,GSM207966,0.9129283554167079,MLNN,Genotype: melanoma metastasis,0
407,GSM207966,0.9998007415784581,GBM,Genotype: melanoma metastasis,0
411,GSM207966,0.9505079365079365,ExtraTrees,Genotype: melanoma metastasis,0
408,GSM207966,0.999999854236957,AdaBoost,Genotype: melanoma metastasis,0
428,GSM207967,0.6288031935691833,DNN,Genotype: melanoma metastasis,0
424,GSM207967,0.7569480519480517,RandomForest,Genotype: melanoma metastasis,0
427,GSM207967,0.9993627483485573,RVM,Genotype: melanoma metastasis,0
426,GSM207967,0.9997366550205614,GBM,Genotype: melanoma metastasis,0
425,GSM207967,0.999999292104821,AdaBoost,Genotype: melanoma metastasis,0
423,GSM207967,0.899449390827801,MLNN,Genotype: melanoma metastasis,0
421,GSM207967,0.41037389244800293,SVM,Genotype: melanoma metastasis,0
420,GSM207967,1.0,CART,Genotype: melanoma metastasis,0
419,GSM207967,0.7170277777777777,ExtraTrees,Genotype: melanoma metastasis,0
418,GSM207967,1.0,NaiveBayes,Genotype: melanoma metastasis,0
422,GSM207967,0.9941891320529471,LR,Genotype: melanoma metastasis,0
438,GSM207968,0.9218095238095235,ExtraTrees,Genotype: melanoma metastasis,0
437,GSM207968,0.9505422638804739,SVM,Genotype: melanoma metastasis,0
436,GSM207968,0.6288031935691833,DNN,Genotype: melanoma metastasis,0
435,GSM207968,1.0,NaiveBayes,Genotype: melanoma metastasis,0
434,GSM207968,0.9997858682828463,GBM,Genotype: melanoma metastasis,0
439,GSM207968,0.9990569491098314,LR,Genotype: melanoma metastasis,0
432,GSM207968,0.9129603174603172,RandomForest,Genotype: melanoma metastasis,0
431,GSM207968,0.9129203743527515,MLNN,Genotype: melanoma metastasis,0
430,GSM207968,1.0,CART,Genotype: melanoma metastasis,0
429,GSM207968,1.0000729138991191,RVM,Genotype: melanoma metastasis,0
433,GSM207968,0.9999999762707115,AdaBoost,Genotype: melanoma metastasis,0
450,GSM207969,0.9992230847389563,LR,Genotype: melanoma metastasis,0
449,GSM207969,0.9353333333333333,RandomForest,Genotype: melanoma metastasis,0
448,GSM207969,0.9129289911969375,MLNN,Genotype: melanoma metastasis,0
447,GSM207969,0.9702003071683125,SVM,Genotype: melanoma metastasis,0
446,GSM207969,0.9781984126984127,ExtraTrees,Genotype: melanoma metastasis,0
445,GSM207969,0.6288031935691833,DNN,Genotype: melanoma metastasis,0
443,GSM207969,1.0,CART,Genotype: melanoma metastasis,0
442,GSM207969,1.0,NaiveBayes,Genotype: melanoma metastasis,0
441,GSM207969,0.9997979938694641,GBM,Genotype: melanoma metastasis,0
440,GSM207969,0.9999999799457553,AdaBoost,Genotype: melanoma metastasis,0
444,GSM207969,0.9992627837095237,RVM,Genotype: melanoma metastasis,0
458,GSM207970,0.9999999895507293,AdaBoost,Genotype: melanoma metastasis,0
461,GSM207970,0.9997976901031029,GBM,Genotype: melanoma metastasis,0
460,GSM207970,0.9716666666666667,RandomForest,Genotype: melanoma metastasis,0
459,GSM207970,0.9708730158730158,ExtraTrees,Genotype: melanoma metastasis,0
457,GSM207970,1.0,CART,Genotype: melanoma metastasis,0
456,GSM207970,0.9997946104346015,LR,Genotype: melanoma metastasis,0
455,GSM207970,0.6288031935691833,DNN,Genotype: melanoma metastasis,0
454,GSM207970,0.9129284971041427,MLNN,Genotype: melanoma metastasis,0
453,GSM207970,1.0,NaiveBayes,Genotype: melanoma metastasis,0
452,GSM207970,0.9850145886777985,SVM,Genotype: melanoma metastasis,0
451,GSM207970,1.0002400613790714,RVM,Genotype: melanoma metastasis,0
472,GSM207971,1.0,CART,Genotype: melanoma metastasis,0
471,GSM207971,0.9165833333333333,ExtraTrees,Genotype: melanoma metastasis,0
470,GSM207971,0.9994272324838263,RVM,Genotype: melanoma metastasis,0
469,GSM207971,0.9644999999999999,RandomForest,Genotype: melanoma metastasis,0
468,GSM207971,0.9988890427661388,LR,Genotype: melanoma metastasis,0
467,GSM207971,0.9997996073290953,GBM,Genotype: melanoma metastasis,0
466,GSM207971,0.9999999967906849,AdaBoost,Genotype: melanoma metastasis,0
465,GSM207971,1.0,NaiveBayes,Genotype: melanoma metastasis,0
464,GSM207971,0.9701879877928832,SVM,Genotype: melanoma metastasis,0
463,GSM207971,0.912927010300816,MLNN,Genotype: melanoma metastasis,0
462,GSM207971,0.6288031935691833,DNN,Genotype: melanoma metastasis,0
482,GSM207972,1.0000404116312598,RVM,Genotype: melanoma metastasis,0
481,GSM207972,0.888718253968254,RandomForest,Genotype: melanoma metastasis,0
480,GSM207972,0.9942572971621584,LR,Genotype: melanoma metastasis,0
479,GSM207972,1.0,NaiveBayes,Genotype: melanoma metastasis,0
478,GSM207972,0.9996969953556185,GBM,Genotype: melanoma metastasis,0
483,GSM207972,1.0,CART,Genotype: melanoma metastasis,0
476,GSM207972,0.9126610016855301,MLNN,Genotype: melanoma metastasis,0
475,GSM207972,0.753758022092746,SVM,Genotype: melanoma metastasis,0
474,GSM207972,0.8918888888888888,ExtraTrees,Genotype: melanoma metastasis,0
473,GSM207972,0.6288031935691833,DNN,Genotype: melanoma metastasis,0
477,GSM207972,0.9999992299946843,AdaBoost,Genotype: melanoma metastasis,0
493,GSM207973,0.9129248808754798,MLNN,Genotype: melanoma metastasis,0
492,GSM207973,0.9702139686114365,SVM,Genotype: melanoma metastasis,0
491,GSM207973,0.6288031935691833,DNN,Genotype: melanoma metastasis,0
490,GSM207973,1.0,CART,Genotype: melanoma metastasis,0
489,GSM207973,0.9985207455383691,RVM,Genotype: melanoma metastasis,0
494,GSM207973,1.0,NaiveBayes,Genotype: melanoma metastasis,0
487,GSM207973,0.9999993684560259,AdaBoost,Genotype: melanoma metastasis,0
486,GSM207973,0.9998019323039657,GBM,Genotype: melanoma metastasis,0
485,GSM207973,0.9988163243096433,LR,Genotype: melanoma metastasis,0
484,GSM207973,0.9390988455988453,RandomForest,Genotype: melanoma metastasis,0
488,GSM207973,0.930626984126984,ExtraTrees,Genotype: melanoma metastasis,0
505,GSM207974,0.9133142135642135,RandomForest,Genotype: melanoma metastasis,0
504,GSM207974,0.6288031935691833,DNN,Genotype: melanoma metastasis,0
503,GSM207974,0.9574310552292686,SVM,Genotype: melanoma metastasis,0
502,GSM207974,1.002071945390135,RVM,Genotype: melanoma metastasis,0
501,GSM207974,0.9327698412698412,ExtraTrees,Genotype: melanoma metastasis,0
500,GSM207974,1.0,CART,Genotype: melanoma metastasis,0
498,GSM207974,0.9976768413757275,LR,Genotype: melanoma metastasis,0
497,GSM207974,0.9129227183403572,MLNN,Genotype: melanoma metastasis,0
496,GSM207974,1.0,NaiveBayes,Genotype: melanoma metastasis,0
495,GSM207974,0.9999999964283405,AdaBoost,Genotype: melanoma metastasis,0
499,GSM207974,0.9997487566864497,GBM,Genotype: melanoma metastasis,0
513,GSM207975,0.9999993424864657,AdaBoost,Genotype: melanoma metastasis,0
516,GSM207975,0.6288031935691833,DNN,Genotype: melanoma metastasis,0
515,GSM207975,1.001694619995086,RVM,Genotype: melanoma metastasis,0
514,GSM207975,0.9673916123824088,SVM,Genotype: melanoma metastasis,0
512,GSM207975,0.9997797607056793,GBM,Genotype: melanoma metastasis,0
511,GSM207975,0.9291865079365078,ExtraTrees,Genotype: melanoma metastasis,0
510,GSM207975,0.9129179677789611,MLNN,Genotype: melanoma metastasis,0
509,GSM207975,0.9968591604583329,LR,Genotype: melanoma metastasis,0
508,GSM207975,0.9447943722943724,RandomForest,Genotype: melanoma metastasis,0
507,GSM207975,1.0,CART,Genotype: melanoma metastasis,0
506,GSM207975,1.0,NaiveBayes,Genotype: melanoma metastasis,0
527,GSM207976,0.8076547619047616,ExtraTrees,Genotype: melanoma metastasis,0
526,GSM207976,0.6288031935691833,DNN,Genotype: melanoma metastasis,0
525,GSM207976,0.9043982519430633,MLNN,Genotype: melanoma metastasis,0
524,GSM207976,0.8318924963924965,RandomForest,Genotype: melanoma metastasis,0
523,GSM207976,0.9953200966611678,LR,Genotype: melanoma metastasis,0
522,GSM207976,0.9986851228038262,RVM,Genotype: melanoma metastasis,0
521,GSM207976,1.0,NaiveBayes,Genotype: melanoma metastasis,0
520,GSM207976,0.6094463644253016,SVM,Genotype: melanoma metastasis,0
519,GSM207976,1.0,CART,Genotype: melanoma metastasis,0
518,GSM207976,0.9999992928850792,AdaBoost,Genotype: melanoma metastasis,0
517,GSM207976,0.9997372320382965,GBM,Genotype: melanoma metastasis,0
537,GSM207977,0.9124880952380953,ExtraTrees,Genotype: melanoma metastasis,0
536,GSM207977,1.0,NaiveBayes,Genotype: melanoma metastasis,0
535,GSM207977,0.6288031935691833,DNN,Genotype: melanoma metastasis,0
534,GSM207977,0.9128943060310293,MLNN,Genotype: melanoma metastasis,0
533,GSM207977,0.9204888507753304,SVM,Genotype: melanoma metastasis,0
538,GSM207977,0.9999997703597461,AdaBoost,Genotype: melanoma metastasis,0
531,GSM207977,0.9997997929964128,GBM,Genotype: melanoma metastasis,0
530,GSM207977,1.0,CART,Genotype: melanoma metastasis,0
529,GSM207977,0.9189202741702741,RandomForest,Genotype: melanoma metastasis,0
528,GSM207977,0.9961974782837543,LR,Genotype: melanoma metastasis,0
532,GSM207977,0.9998118297174572,RVM,Genotype: melanoma metastasis,0
548,GSM207978,1.0001572329509112,RVM,Genotype: melanoma metastasis,0
547,GSM207978,0.6288031935691833,DNN,Genotype: melanoma metastasis,0
546,GSM207978,0.9282222222222221,RandomForest,Genotype: melanoma metastasis,0
545,GSM207978,0.9999999966773618,AdaBoost,Genotype: melanoma metastasis,0
544,GSM207978,0.9701824875768198,SVM,Genotype: melanoma metastasis,0
549,GSM207978,0.9129291334600808,MLNN,Genotype: melanoma metastasis,0
542,GSM207978,1.0,NaiveBayes,Genotype: melanoma metastasis,0
541,GSM207978,0.9997142012919602,LR,Genotype: melanoma metastasis,0
540,GSM207978,1.0,CART,Genotype: melanoma metastasis,0
539,GSM207978,0.9444404761904761,ExtraTrees,Genotype: melanoma metastasis,0
543,GSM207978,0.999693545885612,GBM,Genotype: melanoma metastasis,0
560,GSM207979,0.6288031935691833,DNN,Genotype: melanoma metastasis,0
559,GSM207979,0.9802833713349816,SVM,Genotype: melanoma metastasis,0
558,GSM207979,0.9999999995914703,AdaBoost,Genotype: melanoma metastasis,0
557,GSM207979,0.9164523809523808,RandomForest,Genotype: melanoma metastasis,0
556,GSM207979,0.9996537737219586,RVM,Genotype: melanoma metastasis,0
555,GSM207979,0.9998019452589796,GBM,Genotype: melanoma metastasis,0
553,GSM207979,1.0,NaiveBayes,Genotype: melanoma metastasis,0
552,GSM207979,1.0,CART,Genotype: melanoma metastasis,0
551,GSM207979,0.9504007936507933,ExtraTrees,Genotype: melanoma metastasis,0
550,GSM207979,0.9998825777363107,LR,Genotype: melanoma metastasis,0
554,GSM207979,0.912928797642979,MLNN,Genotype: melanoma metastasis,0
567,GSM207980,0.9999993611526654,AdaBoost,Genotype: melanoma metastasis,0
570,GSM207980,1.0,NaiveBayes,Genotype: melanoma metastasis,0
569,GSM207980,0.9272738095238096,ExtraTrees,Genotype: melanoma metastasis,0
568,GSM207980,0.6288031935691833,DNN,Genotype: melanoma metastasis,0
566,GSM207980,0.9998020766112197,GBM,Genotype: melanoma metastasis,0
571,GSM207980,0.9446909524909302,SVM,Genotype: melanoma metastasis,0
564,GSM207980,1.0,CART,Genotype: melanoma metastasis,0
563,GSM207980,0.9975209063032165,RVM,Genotype: melanoma metastasis,0
562,GSM207980,0.9592099567099567,RandomForest,Genotype: melanoma metastasis,0
561,GSM207980,0.9979438795101607,LR,Genotype: melanoma metastasis,0
565,GSM207980,0.9129156593250447,MLNN,Genotype: melanoma metastasis,0
582,GSM207981,0.6288031935691833,DNN,Genotype: melanoma metastasis,0
581,GSM207981,0.9374365079365077,ExtraTrees,Genotype: melanoma metastasis,0
580,GSM207981,0.9988227862425993,LR,Genotype: melanoma metastasis,0
579,GSM207981,0.9999999959193562,AdaBoost,Genotype: melanoma metastasis,0
578,GSM207981,0.970193507265609,SVM,Genotype: melanoma metastasis,0
577,GSM207981,1.000130864213542,RVM,Genotype: melanoma metastasis,0
576,GSM207981,0.9998025782995406,GBM,Genotype: melanoma metastasis,0
575,GSM207981,1.0,CART,Genotype: melanoma metastasis,0
574,GSM207981,0.9129216427099061,MLNN,Genotype: melanoma metastasis,0
573,GSM207981,0.9420357142857142,RandomForest,Genotype: melanoma metastasis,0
572,GSM207981,1.0,NaiveBayes,Genotype: melanoma metastasis,0
592,GSM207982,0.6288031935691833,DNN,Genotype: melanoma metastasis,0
591,GSM207982,0.9806666666666666,RandomForest,Genotype: melanoma metastasis,0
590,GSM207982,1.0,CART,Genotype: melanoma metastasis,0
589,GSM207982,0.9393809523809523,ExtraTrees,Genotype: melanoma metastasis,0
588,GSM207982,0.9129212264424753,MLNN,Genotype: melanoma metastasis,0
593,GSM207982,0.9989804136347991,LR,Genotype: melanoma metastasis,0
586,GSM207982,1.0,NaiveBayes,Genotype: melanoma metastasis,0
585,GSM207982,0.9999999949158098,AdaBoost,Genotype: melanoma metastasis,0
584,GSM207982,0.9679754614771728,SVM,Genotype: melanoma metastasis,0
583,GSM207982,0.9976844164716991,RVM,Genotype: melanoma metastasis,0
587,GSM207982,0.9998039251086477,GBM,Genotype: melanoma metastasis,0
603,GSM207983,0.998135936765114,LR,Genotype: melanoma metastasis,0
602,GSM207983,1.0,CART,Genotype: melanoma metastasis,0
601,GSM207983,0.9129033893277678,MLNN,Genotype: melanoma metastasis,0
600,GSM207983,0.9455595238095236,ExtraTrees,Genotype: melanoma metastasis,0
599,GSM207983,0.999999996967789,AdaBoost,Genotype: melanoma metastasis,0
604,GSM207983,1.0,NaiveBayes,Genotype: melanoma metastasis,0
597,GSM207983,0.9972759376453385,RVM,Genotype: melanoma metastasis,0
596,GSM207983,0.9685999720036823,SVM,Genotype: melanoma metastasis,0
595,GSM207983,0.9997742580585403,GBM,Genotype: melanoma metastasis,0
594,GSM207983,0.6288031935691833,DNN,Genotype: melanoma metastasis,0
598,GSM207983,0.9247142857142856,RandomForest,Genotype: melanoma metastasis,0
615,GSM207984,0.9977153701338943,RVM,Genotype: melanoma metastasis,0
614,GSM207984,1.0,CART,Genotype: melanoma metastasis,0
613,GSM207984,0.9997546484468413,GBM,Genotype: melanoma metastasis,0
612,GSM207984,0.9552539682539682,ExtraTrees,Genotype: melanoma metastasis,0
611,GSM207984,0.9701880474766289,SVM,Genotype: melanoma metastasis,0
610,GSM207984,0.6288031935691833,DNN,Genotype: melanoma metastasis,0
608,GSM207984,0.9310562770562771,RandomForest,Genotype: melanoma metastasis,0
607,GSM207984,0.9129250935414719,MLNN,Genotype: melanoma metastasis,0
606,GSM207984,0.9999994034100241,AdaBoost,Genotype: melanoma metastasis,0
605,GSM207984,1.0,NaiveBayes,Genotype: melanoma metastasis,0
609,GSM207984,0.9979130048083951,LR,Genotype: melanoma metastasis,0
622,GSM207985,0.9702086540422914,SVM,Genotype: melanoma metastasis,0
625,GSM207985,1.0007538515093395,RVM,Genotype: melanoma metastasis,0
624,GSM207985,0.9997981529466751,GBM,Genotype: melanoma metastasis,0
623,GSM207985,0.9570165945165943,RandomForest,Genotype: melanoma metastasis,0
621,GSM207985,0.9996784070768473,LR,Genotype: melanoma metastasis,0
626,GSM207985,0.9999999558425552,AdaBoost,Genotype: melanoma metastasis,0
619,GSM207985,0.6288031935691833,DNN,Genotype: melanoma metastasis,0
616,GSM207985,0.9129421249697465,MLNN,Genotype: melanoma metastasis,0
620,GSM207985,0.943095238095238,ExtraTrees,Genotype: melanoma metastasis,0
618,GSM207985,1.0,NaiveBayes,Genotype: melanoma metastasis,0
617,GSM207985,1.0,CART,Genotype: melanoma metastasis,0
636,GSM207986,0.9999999941120451,AdaBoost,Genotype: melanoma metastasis,0
635,GSM207986,0.9991354819647673,LR,Genotype: melanoma metastasis,0
634,GSM207986,0.9129247077006579,MLNN,Genotype: melanoma metastasis,0
633,GSM207986,0.6288031935691833,DNN,Genotype: melanoma metastasis,0
632,GSM207986,1.0000761195660246,RVM,Genotype: melanoma metastasis,0
637,GSM207986,0.9525476190476191,ExtraTrees,Genotype: melanoma metastasis,0
630,GSM207986,0.9416782106782107,RandomForest,Genotype: melanoma metastasis,0
629,GSM207986,1.0,CART,Genotype: melanoma metastasis,0
628,GSM207986,1.0,NaiveBayes,Genotype: melanoma metastasis,0
627,GSM207986,0.9998003631043536,GBM,Genotype: melanoma metastasis,0
631,GSM207986,0.9702150740481689,SVM,Genotype: melanoma metastasis,0
648,GSM207987,0.9625555555555553,ExtraTrees,Genotype: melanoma metastasis,0
647,GSM207987,1.0,CART,Genotype: melanoma metastasis,0
646,GSM207987,1.0,NaiveBayes,Genotype: melanoma metastasis,0
645,GSM207987,0.9999994869875444,AdaBoost,Genotype: melanoma metastasis,0
644,GSM207987,0.9998009855507761,GBM,Genotype: melanoma metastasis,0
643,GSM207987,0.9129173377547523,MLNN,Genotype: melanoma metastasis,0
641,GSM207987,1.0001960865244452,RVM,Genotype: melanoma metastasis,0
640,GSM207987,0.9106738816738816,RandomForest,Genotype: melanoma metastasis,0
638,GSM207987,0.9701892102177029,SVM,Genotype: melanoma metastasis,0
642,GSM207987,0.9990541460197045,LR,Genotype: melanoma metastasis,0
639,GSM207987,0.6288031935691833,DNN,Genotype: melanoma metastasis,0
659,GSM207988,0.996062989260798,LR,Genotype: melanoma metastasis,0
655,GSM207988,0.6288031935691833,DNN,Genotype: melanoma metastasis,0
658,GSM207988,1.0015136229966888,RVM,Genotype: melanoma metastasis,0
657,GSM207988,0.9124109611506214,SVM,Genotype: melanoma metastasis,0
656,GSM207988,0.9999992608492534,AdaBoost,Genotype: melanoma metastasis,0
654,GSM207988,1.0,NaiveBayes,Genotype: melanoma metastasis,0
652,GSM207988,0.9128587459413279,MLNN,Genotype: melanoma metastasis,0
651,GSM207988,0.9998012311606468,GBM,Genotype: melanoma metastasis,0
650,GSM207988,0.9249913419913419,RandomForest,Genotype: melanoma metastasis,0
649,GSM207988,1.0,CART,Genotype: melanoma metastasis,0
653,GSM207988,0.9070992063492063,ExtraTrees,Genotype: melanoma metastasis,0
669,GSM207989,1.0,NaiveBayes,Genotype: melanoma metastasis,0
668,GSM207989,1.0,CART,Genotype: melanoma metastasis,0
667,GSM207989,0.9805788694212582,SVM,Genotype: melanoma metastasis,0
666,GSM207989,0.9738448773448773,RandomForest,Genotype: melanoma metastasis,0
665,GSM207989,0.9994611391160337,LR,Genotype: melanoma metastasis,0
670,GSM207989,0.912925896172187,MLNN,Genotype: melanoma metastasis,0
663,GSM207989,0.9997995526375597,GBM,Genotype: melanoma metastasis,0
662,GSM207989,0.9999999799939283,AdaBoost,Genotype: melanoma metastasis,0
661,GSM207989,1.001773553013332,RVM,Genotype: melanoma metastasis,0
660,GSM207989,0.6288031935691833,DNN,Genotype: melanoma metastasis,0
664,GSM207989,0.960031746031746,ExtraTrees,Genotype: melanoma metastasis,0
681,GSM207990,1.0,NaiveBayes,Genotype: melanoma metastasis,0
680,GSM207990,0.9997630430741276,GBM,Genotype: melanoma metastasis,0
679,GSM207990,0.6288031935691833,DNN,Genotype: melanoma metastasis,0
678,GSM207990,0.912932052995628,MLNN,Genotype: melanoma metastasis,0
677,GSM207990,1.0007782958321354,RVM,Genotype: melanoma metastasis,0
676,GSM207990,0.9999999529759319,AdaBoost,Genotype: melanoma metastasis,0
674,GSM207990,0.9209206349206347,RandomForest,Genotype: melanoma metastasis,0
673,GSM207990,1.0,CART,Genotype: melanoma metastasis,0
672,GSM207990,0.9979466947275438,LR,Genotype: melanoma metastasis,0
671,GSM207990,0.9480276817550445,SVM,Genotype: melanoma metastasis,0
675,GSM207990,0.9595674603174602,ExtraTrees,Genotype: melanoma metastasis,0
689,GSM207991,0.9991480261531172,LR,Genotype: melanoma metastasis,0
692,GSM207991,0.9998037410535804,GBM,Genotype: melanoma metastasis,0
691,GSM207991,1.0,NaiveBayes,Genotype: melanoma metastasis,0
690,GSM207991,0.9999998049143504,AdaBoost,Genotype: melanoma metastasis,0
688,GSM207991,0.9701920884665283,SVM,Genotype: melanoma metastasis,0
684,GSM207991,1.000355171060157,RVM,Genotype: melanoma metastasis,0
686,GSM207991,1.0,CART,Genotype: melanoma metastasis,0
685,GSM207991,0.9518055555555556,ExtraTrees,Genotype: melanoma metastasis,0
687,GSM207991,0.9765468975468976,RandomForest,Genotype: melanoma metastasis,0
683,GSM207991,0.6288031935691833,DNN,Genotype: melanoma metastasis,0
682,GSM207991,0.9129256731667656,MLNN,Genotype: melanoma metastasis,0
703,GSM207992,0.9999999921264137,AdaBoost,Genotype: melanoma metastasis,0
702,GSM207992,1.000174044827466,RVM,Genotype: melanoma metastasis,0
701,GSM207992,0.9997988689171883,GBM,Genotype: melanoma metastasis,0
700,GSM207992,0.9129452480489094,MLNN,Genotype: melanoma metastasis,0
699,GSM207992,0.9701985820502151,SVM,Genotype: melanoma metastasis,0
698,GSM207992,1.0,NaiveBayes,Genotype: melanoma metastasis,0
697,GSM207992,1.0,CART,Genotype: melanoma metastasis,0
696,GSM207992,0.6288031935691833,DNN,Genotype: melanoma metastasis,0
695,GSM207992,0.9992100866940132,LR,Genotype: melanoma metastasis,0
694,GSM207992,0.9661309523809521,ExtraTrees,Genotype: melanoma metastasis,0
693,GSM207992,0.9320429292929292,RandomForest,Genotype: melanoma metastasis,0
713,GSM207993,1.0,CART,Genotype: melanoma metastasis,0
712,GSM207993,0.9583376623376623,RandomForest,Genotype: melanoma metastasis,0
711,GSM207993,0.9703650793650793,ExtraTrees,Genotype: melanoma metastasis,0
710,GSM207993,0.999999999928218,AdaBoost,Genotype: melanoma metastasis,0
709,GSM207993,0.9997852984397142,LR,Genotype: melanoma metastasis,0
714,GSM207993,0.9997981940092195,GBM,Genotype: melanoma metastasis,0
707,GSM207993,0.9129332677037906,MLNN,Genotype: melanoma metastasis,0
706,GSM207993,1.000098404818519,RVM,Genotype: melanoma metastasis,0
705,GSM207993,0.6288031935691833,DNN,Genotype: melanoma metastasis,0
704,GSM207993,1.0,NaiveBayes,Genotype: melanoma metastasis,0
708,GSM207993,0.9935821521396763,SVM,Genotype: melanoma metastasis,0
724,GSM207994,0.6288031935691833,DNN,Genotype: melanoma metastasis,0
723,GSM207994,0.9876843483332957,LR,Genotype: melanoma metastasis,0
722,GSM207994,0.9999994131647562,AdaBoost,Genotype: melanoma metastasis,0
721,GSM207994,1.0,NaiveBayes,Genotype: melanoma metastasis,0
720,GSM207994,0.5310753968253968,ExtraTrees,Genotype: melanoma metastasis,0
725,GSM207994,0.522436507936508,RandomForest,Genotype: melanoma metastasis,0
718,GSM207994,0.998983501160225,RVM,Genotype: melanoma metastasis,0
717,GSM207994,0.9997052721028764,GBM,Genotype: melanoma metastasis,0
716,GSM207994,1.0,CART,Genotype: melanoma metastasis,0
715,GSM207994,0.9017696834720209,MLNN,Genotype: melanoma metastasis,0
719,GSM207994,0.20235713971934843,SVM,Genotype: melanoma metastasis,0
736,GSM207995,1.0,NaiveBayes,Genotype: melanoma metastasis,0
735,GSM207995,0.6288031935691833,DNN,Genotype: melanoma metastasis,0
734,GSM207995,1.0,CART,Genotype: melanoma metastasis,0
733,GSM207995,0.9701876088607104,SVM,Genotype: melanoma metastasis,0
732,GSM207995,0.9129160870934476,MLNN,Genotype: melanoma metastasis,0
731,GSM207995,0.9999996346406278,AdaBoost,Genotype: melanoma metastasis,0
729,GSM207995,0.8977499999999999,RandomForest,Genotype: melanoma metastasis,0
728,GSM207995,0.9366190476190475,ExtraTrees,Genotype: melanoma metastasis,0
727,GSM207995,0.9975026353070476,LR,Genotype: melanoma metastasis,0
726,GSM207995,0.9997690661477915,GBM,Genotype: melanoma metastasis,0
730,GSM207995,0.9995677603700128,RVM,Genotype: melanoma metastasis,0
744,GSM207996,0.9999997308519997,AdaBoost,Genotype: melanoma metastasis,0
747,GSM207996,0.9519365079365079,RandomForest,Genotype: melanoma metastasis,0
746,GSM207996,0.992687589028666,SVM,Genotype: melanoma metastasis,0
745,GSM207996,0.9129367439498575,MLNN,Genotype: melanoma metastasis,0
743,GSM207996,0.9998566369599916,LR,Genotype: melanoma metastasis,0
742,GSM207996,1.0,NaiveBayes,Genotype: melanoma metastasis,0
741,GSM207996,0.9994038701436202,RVM,Genotype: melanoma metastasis,0
740,GSM207996,1.0,CART,Genotype: melanoma metastasis,0
739,GSM207996,0.9997690661477915,GBM,Genotype: melanoma metastasis,0
738,GSM207996,0.6288031935691833,DNN,Genotype: melanoma metastasis,0
737,GSM207996,0.9609682539682539,ExtraTrees,Genotype: melanoma metastasis,0
758,GSM207997,0.944126984126984,ExtraTrees,Genotype: melanoma metastasis,0
757,GSM207997,0.6288031935691833,DNN,Genotype: melanoma metastasis,0
756,GSM207997,0.999756610590281,LR,Genotype: melanoma metastasis,0
755,GSM207997,0.9999999990943392,AdaBoost,Genotype: melanoma metastasis,0
754,GSM207997,0.9170317460317458,RandomForest,Genotype: melanoma metastasis,0
753,GSM207997,1.0,NaiveBayes,Genotype: melanoma metastasis,0
752,GSM207997,1.0,CART,Genotype: melanoma metastasis,0
751,GSM207997,0.9845597598365842,SVM,Genotype: melanoma metastasis,0
750,GSM207997,0.9129416633340776,MLNN,Genotype: melanoma metastasis,0
749,GSM207997,0.9994025303315424,RVM,Genotype: melanoma metastasis,0
748,GSM207997,0.9998057272948867,GBM,Genotype: melanoma metastasis,0
768,GSM207998,0.6666666666666666,CART,Genotype: melanoma metastasis,0
767,GSM207998,0.998999900894834,LR,Genotype: melanoma metastasis,0
766,GSM207998,0.999999670726358,AdaBoost,Genotype: melanoma metastasis,0
765,GSM207998,0.9129259735078169,MLNN,Genotype: melanoma metastasis,0
764,GSM207998,0.8786111111111109,ExtraTrees,Genotype: melanoma metastasis,0
769,GSM207998,0.9997715917766105,GBM,Genotype: melanoma metastasis,0
762,GSM207998,0.7957229437229436,RandomForest,Genotype: melanoma metastasis,0
761,GSM207998,1.0008331937962198,RVM,Genotype: melanoma metastasis,0
760,GSM207998,0.9702076339671838,SVM,Genotype: melanoma metastasis,0
759,GSM207998,1.0,NaiveBayes,Genotype: melanoma metastasis,0
763,GSM207998,0.6288031935691833,DNN,Genotype: melanoma metastasis,0
779,GSM207999,0.8313174603174602,ExtraTrees,Genotype: melanoma metastasis,0
778,GSM207999,0.8540263950672868,SVM,Genotype: melanoma metastasis,0
777,GSM207999,0.999999495945307,AdaBoost,Genotype: melanoma metastasis,0
776,GSM207999,0.9129103262525706,MLNN,Genotype: melanoma metastasis,0
775,GSM207999,0.6288031935691833,DNN,Genotype: melanoma metastasis,0
780,GSM207999,0.9960780358209335,LR,Genotype: melanoma metastasis,0
773,GSM207999,1.0,CART,Genotype: melanoma metastasis,0
772,GSM207999,1.0002451404153572,RVM,Genotype: melanoma metastasis,0
771,GSM207999,0.9997053771863774,GBM,Genotype: melanoma metastasis,0
770,GSM207999,0.7969007936507936,RandomForest,Genotype: melanoma metastasis,0
774,GSM207999,1.0,NaiveBayes,Genotype: melanoma metastasis,0
791,GSM208000,0.924940476190476,RandomForest,Genotype: melanoma metastasis,0
790,GSM208000,0.6288031935691833,DNN,Genotype: melanoma metastasis,0
789,GSM208000,1.0,CART,Genotype: melanoma metastasis,0
788,GSM208000,0.9998006109557585,GBM,Genotype: melanoma metastasis,0
787,GSM208000,1.0000475217339921,RVM,Genotype: melanoma metastasis,0
786,GSM208000,0.9640912698412697,ExtraTrees,Genotype: melanoma metastasis,0
784,GSM208000,0.9999999964032683,AdaBoost,Genotype: melanoma metastasis,0
783,GSM208000,0.9129290093287551,MLNN,Genotype: melanoma metastasis,0
782,GSM208000,1.0,NaiveBayes,Genotype: melanoma metastasis,0
781,GSM208000,0.9992970398491696,LR,Genotype: melanoma metastasis,0
785,GSM208000,0.9674893255356517,SVM,Genotype: melanoma metastasis,0
798,GSM208001,1.0,CART,Genotype: melanoma metastasis,0
801,GSM208001,0.9475396825396823,RandomForest,Genotype: melanoma metastasis,0
802,GSM208001,0.9998033786005287,GBM,Genotype: melanoma metastasis,0
799,GSM208001,0.9132728188398703,MLNN,Genotype: melanoma metastasis,0
797,GSM208001,0.9878713637501769,SVM,Genotype: melanoma metastasis,0
800,GSM208001,1.0,NaiveBayes,Genotype: melanoma metastasis,0
795,GSM208001,0.9999999999030377,AdaBoost,Genotype: melanoma metastasis,0
794,GSM208001,0.9998329130697591,LR,Genotype: melanoma metastasis,0
793,GSM208001,0.9990256993720462,RVM,Genotype: melanoma metastasis,0
792,GSM208001,0.9581309523809522,ExtraTrees,Genotype: melanoma metastasis,0
796,GSM208001,0.6288031935691833,DNN,Genotype: melanoma metastasis,0
813,GSM208002,0.9997784160209804,GBM,Genotype: melanoma metastasis,0
812,GSM208002,0.9827430540496209,SVM,Genotype: melanoma metastasis,0
811,GSM208002,1.0,NaiveBayes,Genotype: melanoma metastasis,0
810,GSM208002,0.9129278447282689,MLNN,Genotype: melanoma metastasis,0
809,GSM208002,0.6288031935691833,DNN,Genotype: melanoma metastasis,0
808,GSM208002,0.9432142857142857,RandomForest,Genotype: melanoma metastasis,0
807,GSM208002,0.9999999983101345,AdaBoost,Genotype: melanoma metastasis,0
806,GSM208002,0.9986898631404431,RVM,Genotype: melanoma metastasis,0
805,GSM208002,0.9997593838178298,LR,Genotype: melanoma metastasis,0
804,GSM208002,0.951765873015873,ExtraTrees,Genotype: melanoma metastasis,0
803,GSM208002,1.0,CART,Genotype: melanoma metastasis,0
823,GSM208003,0.999799404674964,GBM,Genotype: melanoma metastasis,0
822,GSM208003,0.9129418797403146,MLNN,Genotype: melanoma metastasis,0
821,GSM208003,0.6288031935691833,DNN,Genotype: melanoma metastasis,0
820,GSM208003,0.9489285714285713,RandomForest,Genotype: melanoma metastasis,0
819,GSM208003,1.0,CART,Genotype: melanoma metastasis,0
824,GSM208003,0.9997168713397628,LR,Genotype: melanoma metastasis,0
817,GSM208003,0.9901242474370172,SVM,Genotype: melanoma metastasis,0
816,GSM208003,1.0006405474839686,RVM,Genotype: melanoma metastasis,0
815,GSM208003,1.0,NaiveBayes,Genotype: melanoma metastasis,0
814,GSM208003,0.9999999986701472,AdaBoost,Genotype: melanoma metastasis,0
818,GSM208003,0.9553809523809521,ExtraTrees,Genotype: melanoma metastasis,0
834,GSM208004,0.9997864067786125,GBM,Genotype: melanoma metastasis,0
833,GSM208004,1.00128804613258,RVM,Genotype: melanoma metastasis,0
832,GSM208004,0.9696666666666665,RandomForest,Genotype: melanoma metastasis,0
831,GSM208004,0.6288031935691833,DNN,Genotype: melanoma metastasis,0
830,GSM208004,0.9954510661439221,SVM,Genotype: melanoma metastasis,0
835,GSM208004,0.9999554307749386,LR,Genotype: melanoma metastasis,0
828,GSM208004,0.9132567503820929,MLNN,Genotype: melanoma metastasis,0
827,GSM208004,0.9999999986030862,AdaBoost,Genotype: melanoma metastasis,0
826,GSM208004,0.9817500000000001,ExtraTrees,Genotype: melanoma metastasis,0
825,GSM208004,1.0,CART,Genotype: melanoma metastasis,0
829,GSM208004,1.0,NaiveBayes,Genotype: melanoma metastasis,0
846,GSM208005,1.0,NaiveBayes,Genotype: melanoma metastasis,0
845,GSM208005,0.999783890337076,GBM,Genotype: melanoma metastasis,0
844,GSM208005,0.9999993886936666,AdaBoost,Genotype: melanoma metastasis,0
843,GSM208005,0.9079173967309548,MLNN,Genotype: melanoma metastasis,0
842,GSM208005,1.0007500513906527,RVM,Genotype: melanoma metastasis,0
841,GSM208005,0.7826825396825394,ExtraTrees,Genotype: melanoma metastasis,0
839,GSM208005,1.0,CART,Genotype: melanoma metastasis,0
838,GSM208005,0.7475039682539679,RandomForest,Genotype: melanoma metastasis,0
837,GSM208005,0.6288031935691833,DNN,Genotype: melanoma metastasis,0
836,GSM208005,0.3404257308986097,SVM,Genotype: melanoma metastasis,0
840,GSM208005,0.9926661662354399,LR,Genotype: melanoma metastasis,0
853,GSM208006,0.7513055555555556,ExtraTrees,Genotype: melanoma metastasis,0
856,GSM208006,0.7333105393320626,SVM,Genotype: melanoma metastasis,0
857,GSM208006,1.0,CART,Genotype: melanoma metastasis,0
854,GSM208006,0.9989072655981176,RVM,Genotype: melanoma metastasis,0
852,GSM208006,0.9125502850022441,MLNN,Genotype: melanoma metastasis,0
855,GSM208006,0.9997052721028764,GBM,Genotype: melanoma metastasis,0
850,GSM208006,0.996255926747632,LR,Genotype: melanoma metastasis,0
849,GSM208006,0.9999994555270473,AdaBoost,Genotype: melanoma metastasis,0
848,GSM208006,0.6669285714285713,RandomForest,Genotype: melanoma metastasis,0
847,GSM208006,1.0,NaiveBayes,Genotype: melanoma metastasis,0
851,GSM208006,0.6288031935691833,DNN,Genotype: melanoma metastasis,0
867,GSM208007,0.9122012167054949,MLNN,Genotype: melanoma metastasis,0
866,GSM208007,0.6288031935691833,DNN,Genotype: melanoma metastasis,0
865,GSM208007,0.6484165089462315,SVM,Genotype: melanoma metastasis,0
864,GSM208007,1.0,CART,Genotype: melanoma metastasis,0
863,GSM208007,0.9934425210736868,LR,Genotype: melanoma metastasis,0
868,GSM208007,1.0010686727142728,RVM,Genotype: melanoma metastasis,0
861,GSM208007,0.6274365079365078,RandomForest,Genotype: melanoma metastasis,0
860,GSM208007,0.9999994716587394,AdaBoost,Genotype: melanoma metastasis,0
859,GSM208007,1.0,NaiveBayes,Genotype: melanoma metastasis,0
858,GSM208007,0.9995639409682898,GBM,Genotype: melanoma metastasis,0
862,GSM208007,0.7305079365079366,ExtraTrees,Genotype: melanoma metastasis,0
879,GSM208008,0.9999998674284731,AdaBoost,Genotype: melanoma metastasis,0
878,GSM208008,0.9957904962648447,LR,Genotype: melanoma metastasis,0
877,GSM208008,0.8849444444444443,ExtraTrees,Genotype: melanoma metastasis,0
876,GSM208008,1.0,CART,Genotype: melanoma metastasis,0
875,GSM208008,1.0008567823199335,RVM,Genotype: melanoma metastasis,0
874,GSM208008,0.9127812731680395,MLNN,Genotype: melanoma metastasis,0
872,GSM208008,1.0,NaiveBayes,Genotype: melanoma metastasis,0
871,GSM208008,0.7713623534333277,SVM,Genotype: melanoma metastasis,0
870,GSM208008,0.8746507936507936,RandomForest,Genotype: melanoma metastasis,0
869,GSM208008,0.9997513124627576,GBM,Genotype: melanoma metastasis,0
873,GSM208008,0.6288031935691833,DNN,Genotype: melanoma metastasis,0
887,GSM208009,0.9411515151515151,RandomForest,Genotype: melanoma metastasis,0
889,GSM208009,1.0002717589579522,RVM,Genotype: melanoma metastasis,0
888,GSM208009,0.9129341141891246,MLNN,Genotype: melanoma metastasis,0
890,GSM208009,0.9999995475253981,AdaBoost,Genotype: melanoma metastasis,0
886,GSM208009,1.0,NaiveBayes,Genotype: melanoma metastasis,0
882,GSM208009,1.0,CART,Genotype: melanoma metastasis,0
884,GSM208009,0.9997868375070066,GBM,Genotype: melanoma metastasis,0
883,GSM208009,0.9746497627201616,SVM,Genotype: melanoma metastasis,0
881,GSM208009,0.6288031935691833,DNN,Genotype: melanoma metastasis,0
880,GSM208009,0.9995845267464915,LR,Genotype: melanoma metastasis,0
885,GSM208009,0.9560039682539683,ExtraTrees,Genotype: melanoma metastasis,0
901,GSM208010,1.0,CART,Genotype: melanoma metastasis,0
900,GSM208010,0.9660197849470398,SVM,Genotype: melanoma metastasis,0
898,GSM208010,1.0026010980053517,RVM,Genotype: melanoma metastasis,0
897,GSM208010,0.997846210724777,LR,Genotype: melanoma metastasis,0
896,GSM208010,0.6288031935691833,DNN,Genotype: melanoma metastasis,0
899,GSM208010,0.9997997191402578,GBM,Genotype: melanoma metastasis,0
894,GSM208010,0.9129258658240267,MLNN,Genotype: melanoma metastasis,0
893,GSM208010,1.0,NaiveBayes,Genotype: melanoma metastasis,0
892,GSM208010,0.9506984126984125,ExtraTrees,Genotype: melanoma metastasis,0
891,GSM208010,0.9999993532038349,AdaBoost,Genotype: melanoma metastasis,0
895,GSM208010,0.921095238095238,RandomForest,Genotype: melanoma metastasis,0
911,GSM208011,0.9339603174603174,ExtraTrees,Genotype: melanoma metastasis,0
902,GSM208011,0.9129240398270531,MLNN,Genotype: melanoma metastasis,0
903,GSM208011,1.0,CART,Genotype: melanoma metastasis,0
904,GSM208011,0.9997654529099627,GBM,Genotype: melanoma metastasis,0
905,GSM208011,0.9999564331215136,RVM,Genotype: melanoma metastasis,0
906,GSM208011,0.970190105882798,SVM,Genotype: melanoma metastasis,0
907,GSM208011,0.9990468190443306,LR,Genotype: melanoma metastasis,0
908,GSM208011,0.933095238095238,RandomForest,Genotype: melanoma metastasis,0
909,GSM208011,1.0,NaiveBayes,Genotype: melanoma metastasis,0
910,GSM208011,0.9999999999455019,AdaBoost,Genotype: melanoma metastasis,0
912,GSM208011,0.6288031935691833,DNN,Genotype: melanoma metastasis,0
